BELTUSE_BIN	BAGDEPLOY_BIN	SEATPOS	DV_MPH	file_path	HIC15	T1_15	T2_15	HIC36	T1_36	T2_36	PEAK_LACC	PEAK_AACC	PEAK_LACC_g
0	0	11	5	data/minimal_simulations/5_mph/driver/nobelt/noairbag/madymo/madymo.peak	0.16858	115	130	0.35397	107	143	55.541	425.89	5.661671763506625
1	0	11	5	data/minimal_simulations/5_mph/driver/belt/noairbag/madymo/madymo.peak	0.48516	117	132	1.1176	107	143	55.541	425.89	5.661671763506625
0	1	11	5	data/minimal_simulations/5_mph/driver/nobelt/airbag/madymo/madymo.peak	0.23051	110	125	0.44937	102	138	55.541	425.89	5.661671763506625
1	1	11	5	data/minimal_simulations/5_mph/driver/belt/airbag/madymo/madymo.peak	1.2463	91	106	2.1976	87	123	60.738	425.89	6.191437308868501
0	0	13	5	data/minimal_simulations/5_mph/pass/nobelt/noairbag/madymo/madymo.peak	0.18474	125.1	140.1	0.36665	115.9	151.9	55.405	423.85	5.647808358817533
1	0	13	5	data/minimal_simulations/5_mph/pass/belt/noairbag/madymo/madymo.peak	1.0288	100.8	115.8	2.0558	94.1	130.1	55.405	423.85	5.647808358817533
0	1	13	5	data/minimal_simulations/5_mph/pass/nobelt/airbag/madymo/madymo.peak	0.20664	72.8	87.8	0.32702	108.7	144.7	55.405	592.02	5.647808358817533
1	1	13	5	data/minimal_simulations/5_mph/pass/belt/airbag/madymo/madymo.peak	0.7996	100.6	115.6	1.632	95.9	131.9	55.405	674.01	5.647808358817533
0	0	11	6	data/minimal_simulations/6_mph/driver/nobelt/noairbag/madymo/madymo.peak	0.2284	115	130	0.49621	104	140	55.541	425.89	5.661671763506625
1	0	11	6	data/minimal_simulations/6_mph/driver/belt/noairbag/madymo/madymo.peak	0.98274	107	122	2.1891	91	127	55.541	425.89	5.661671763506625
0	1	11	6	data/minimal_simulations/6_mph/driver/nobelt/airbag/madymo/madymo.peak	0.35562	119	134	0.80817	101	137	55.541	425.89	5.661671763506625
1	1	11	6	data/minimal_simulations/6_mph/driver/belt/airbag/madymo/madymo.peak	2.1607	89	104	3.711	83	119	75.671	425.89	7.713659531090724
0	0	13	6	data/minimal_simulations/6_mph/pass/nobelt/noairbag/madymo/madymo.peak	0.28127	121.8	136.8	0.57463	110.7	146.7	55.405	423.85	5.647808358817533
1	0	13	6	data/minimal_simulations/6_mph/pass/belt/noairbag/madymo/madymo.peak	1.9245	93.2	108.2	3.7972	88.6	124.6	69.097	423.85	7.043527013251783
0	1	13	6	data/minimal_simulations/6_mph/pass/nobelt/airbag/madymo/madymo.peak	0.43007	64.1	79.1	0.49796	63.6	83.9	55.405	819.12	5.647808358817533
1	1	13	6	data/minimal_simulations/6_mph/pass/belt/airbag/madymo/madymo.peak	1.4301	95.2	110.2	2.7407	90.4	126.4	62.8	882.7	6.401630988786952
0	0	11	7	data/minimal_simulations/7_mph/driver/nobelt/noairbag/madymo/madymo.peak	0.33153	116	131	0.70885	108	144	55.541	425.89	5.661671763506625
1	0	11	7	data/minimal_simulations/7_mph/driver/belt/noairbag/madymo/madymo.peak	2.1702	95	110	4.0672	86	122	74.717	425.89	7.616411824668705
0	1	11	7	data/minimal_simulations/7_mph/driver/nobelt/airbag/madymo/madymo.peak	0.71509	120	135	1.4994	105	141	55.541	425.89	5.661671763506625
1	1	11	7	data/minimal_simulations/7_mph/driver/belt/airbag/madymo/madymo.peak	3.4163	86	101	5.6505	82	118	91.034	425.89	9.279714576962284
0	0	13	7	data/minimal_simulations/7_mph/pass/nobelt/noairbag/madymo/madymo.peak	0.42155	119.9	134.9	0.87021	112.2	148.2	55.405	423.85	5.647808358817533
1	0	13	7	data/minimal_simulations/7_mph/pass/belt/noairbag/madymo/madymo.peak	3.503	89.2	104.2	6.0049	84.6	120.6	90.161	423.85	9.19072375127421
0	1	13	7	data/minimal_simulations/7_mph/pass/nobelt/airbag/madymo/madymo.peak	0.6057	62.7	77.7	0.64811	61.3	81.2	67.385	1049	6.86901121304791
1	1	13	7	data/minimal_simulations/7_mph/pass/belt/airbag/madymo/madymo.peak	2.3144	90.3	105.3	4.073	87.1	123.1	80.426	900.3	8.198369011213048
0	0	11	8	data/minimal_simulations/8_mph/driver/nobelt/noairbag/madymo/madymo.peak	0.51606	118	133	1.1216	109	145	55.541	425.89	5.661671763506625
1	0	11	8	data/minimal_simulations/8_mph/driver/belt/noairbag/madymo/madymo.peak	4.1016	89	104	7.3843	84	120	96.391	425.89	9.82579001019368
0	1	11	8	data/minimal_simulations/8_mph/driver/nobelt/airbag/madymo/madymo.peak	1.5106	121	136	3.1541	112	148	64.081	425.89	6.532212028542304
1	1	11	8	data/minimal_simulations/8_mph/driver/belt/airbag/madymo/madymo.peak	4.8527	85	100	8.7781	81	117	102.69	443.34	10.46788990825688
0	0	13	8	data/minimal_simulations/8_mph/pass/nobelt/noairbag/madymo/madymo.peak	0.69745	122.3	137.3	1.4329	110.7	146.7	55.405	423.85	5.647808358817533
1	0	13	8	data/minimal_simulations/8_mph/pass/belt/noairbag/madymo/madymo.peak	5.5778	87.5	102.5	9.699	81.9	117.9	109.93	473.11	11.205912334352702
0	1	13	8	data/minimal_simulations/8_mph/pass/nobelt/airbag/madymo/madymo.peak	0.82601	60	73.6	0.83914	59	81.7	85.703	1129.4	8.736289500509685
1	1	13	8	data/minimal_simulations/8_mph/pass/belt/airbag/madymo/madymo.peak	3.717	89.6	104.6	5.9997	85.9	121.9	96.705	955.26	9.857798165137615
0	0	11	9	data/minimal_simulations/9_mph/driver/nobelt/noairbag/madymo/madymo.peak	1.1417	128	143	2.2025	115	151	58.255	425.89	5.9383282364933745
1	0	11	9	data/minimal_simulations/9_mph/driver/belt/noairbag/madymo/madymo.peak	6.2995	86	101	10.689	81	117	114.76	427.41	11.698267074413863
0	1	11	9	data/minimal_simulations/9_mph/driver/nobelt/airbag/madymo/madymo.peak	2.8663	121	136	5.9415	109	145	82.525	425.89	8.412334352701325
1	1	11	9	data/minimal_simulations/9_mph/driver/belt/airbag/madymo/madymo.peak	6.7105	84	99	13.486	80	116	116.09	506.1	11.833843017329256
0	0	13	9	data/minimal_simulations/9_mph/pass/nobelt/noairbag/madymo/madymo.peak	1.2907	118.7	133.7	2.38	108.2	144.2	61.47	423.85	6.26605504587156
1	0	13	9	data/minimal_simulations/9_mph/pass/belt/noairbag/madymo/madymo.peak	8.0982	86	101	13.866	79.8	115.8	127.59	567.57	13.00611620795107
0	1	13	9	data/minimal_simulations/9_mph/pass/nobelt/airbag/madymo/madymo.peak	1.1922	57.9	72	1.5994	107.9	143.9	90.149	1281.1	9.189500509683995
1	1	13	9	data/minimal_simulations/9_mph/pass/belt/airbag/madymo/madymo.peak	5.4193	88.6	103.6	8.3956	84.3	120.3	112.32	1085.1	11.449541284403669
0	0	11	10	data/minimal_simulations/10_mph/driver/nobelt/noairbag/madymo/madymo.peak	11.14	175	180	11.14	175	180	280.58	3737.1	28.60142711518858
1	0	11	10	data/minimal_simulations/10_mph/driver/belt/noairbag/madymo/madymo.peak	8.3094	84	99	14.168	79	115	130.55	471.97	13.307849133537207
0	1	11	10	data/minimal_simulations/10_mph/driver/nobelt/airbag/madymo/madymo.peak	4.9764	117	132	9.9473	104	140	103.48	486.03	10.54841997961264
1	1	11	10	data/minimal_simulations/10_mph/driver/belt/airbag/madymo/madymo.peak	9.9462	84	99	19.425	80	116	137.63	588.85	14.029561671763506
0	0	13	10	data/minimal_simulations/10_mph/pass/nobelt/noairbag/madymo/madymo.peak	2.0983	114.2	129.2	3.5976	105.3	141.3	75.981	423.85	7.745259938837919
1	0	13	10	data/minimal_simulations/10_mph/pass/belt/noairbag/madymo/madymo.peak	11.454	84.8	99.8	18.953	77.7	113.7	146.96	600.53	14.980632008154943
0	1	13	10	data/minimal_simulations/10_mph/pass/nobelt/airbag/madymo/madymo.peak	1.5559	56.2	71.2	2.763	106	142	99.388	1336.9	10.131294597349644
1	1	13	10	data/minimal_simulations/10_mph/pass/belt/airbag/madymo/madymo.peak	7.3461	87.7	102.7	10.514	82.9	118.9	127.66	1104	13.013251783893985
0	0	11	11	data/minimal_simulations/11_mph/driver/nobelt/noairbag/madymo/madymo.peak	71.253	140	146	71.253	140	146	616.37	8080.1	62.83078491335372
1	0	11	11	data/minimal_simulations/11_mph/driver/belt/noairbag/madymo/madymo.peak	11.31	85	100	19.671	78	114	143.47	555.38	14.624872579001018
0	1	11	11	data/minimal_simulations/11_mph/driver/nobelt/airbag/madymo/madymo.peak	8.1055	114	129	15.286	100	136	126.54	627.5	12.899082568807339
1	1	11	11	data/minimal_simulations/11_mph/driver/belt/airbag/madymo/madymo.peak	15.224	84	99	27.487	78	114	160.01	743.36	16.31090723751274
0	0	13	11	data/minimal_simulations/11_mph/pass/nobelt/noairbag/madymo/madymo.peak	3.209	110.4	125.4	5.2555	102.5	138.5	91.372	423.85	9.314169215086645
1	0	13	11	data/minimal_simulations/11_mph/pass/belt/noairbag/madymo/madymo.peak	16.047	83.8	98.8	25.061	76.3	112.3	169.79	603.24	17.307849133537204
0	1	13	11	data/minimal_simulations/11_mph/pass/nobelt/airbag/madymo/madymo.peak	2.2708	115.6	130.6	4.2392	103.3	139.3	118.94	1298	12.124362895005095
1	1	13	11	data/minimal_simulations/11_mph/pass/belt/airbag/madymo/madymo.peak	9.2231	86.3	101.3	12.951	81.7	117.7	141.21	1185.1	14.394495412844037
0	0	11	12	data/minimal_simulations/12_mph/driver/nobelt/noairbag/madymo/madymo.peak	44.022	141	156	45.467	141	157	544.42	8678.6	55.49643221202854
1	0	11	12	data/minimal_simulations/12_mph/driver/belt/noairbag/madymo/madymo.peak	17.003	86	101	27.828	79	115	168.65	601.26	17.19164118246687
0	1	11	12	data/minimal_simulations/12_mph/driver/nobelt/airbag/madymo/madymo.peak	11.275	110	125	21.893	96	132	141.74	703.88	14.448521916411824
1	1	11	12	data/minimal_simulations/12_mph/driver/belt/airbag/madymo/madymo.peak	21.488	83	98	36.695	77	113	183.94	857.21	18.75025484199796
0	0	13	12	data/minimal_simulations/12_mph/pass/nobelt/noairbag/madymo/madymo.peak	5.9926	108.1	123.1	7.7641	98.9	134.9	184.6	1381.3	18.817533129459733
1	0	13	12	data/minimal_simulations/12_mph/pass/belt/noairbag/madymo/madymo.peak	20.346	83.1	98.1	31.654	74.9	110.9	184.57	597.32	18.8144750254842
0	1	13	12	data/minimal_simulations/12_mph/pass/nobelt/airbag/madymo/madymo.peak	3.2548	110.6	125.6	5.8353	98.6	134.6	123.78	1421.5	12.617737003058103
1	1	13	12	data/minimal_simulations/12_mph/pass/belt/airbag/madymo/madymo.peak	10.685	85.1	100.1	16.803	63.9	99.9	148.04	1169.6	15.090723751274208
0	0	11	13	data/minimal_simulations/13_mph/driver/nobelt/noairbag/madymo/madymo.peak	12.777	107	122	15.918	144	180	169.22	3255.8	17.24974515800204
1	0	11	13	data/minimal_simulations/13_mph/driver/belt/noairbag/madymo/madymo.peak	23.508	86	101	36.044	79	115	195.59	648.23	19.93781855249745
0	1	11	13	data/minimal_simulations/13_mph/driver/nobelt/airbag/madymo/madymo.peak	16.382	106	121	29.11	92	128	171.76	733.57	17.50866462793068
1	1	11	13	data/minimal_simulations/13_mph/driver/belt/airbag/madymo/madymo.peak	29.155	83	98	48	76	112	214.03	1089	21.817533129459733
0	0	13	13	data/minimal_simulations/13_mph/pass/nobelt/noairbag/madymo/madymo.peak	11.247	104.6	119.6	15.054	101.4	137.4	253.06	1000.8	25.79612640163099
1	0	13	13	data/minimal_simulations/13_mph/pass/belt/noairbag/madymo/madymo.peak	24.345	82.8	97.8	37.94	73.6	109.6	196.43	686.29	20.023445463812436
0	1	13	13	data/minimal_simulations/13_mph/pass/nobelt/airbag/madymo/madymo.peak	4.5821	107.5	122.5	7.7452	96.2	132.2	127.75	1336.3	13.02242609582059
1	1	13	13	data/minimal_simulations/13_mph/pass/belt/airbag/madymo/madymo.peak	12.8	84.6	99.6	21.683	63.8	99.8	163.56	1270.2	16.672782874617738
0	0	11	14	data/minimal_simulations/14_mph/driver/nobelt/noairbag/madymo/madymo.peak	19.625	103	118	26.953	131	167	211.22	3064.6	21.531090723751273
1	0	11	14	data/minimal_simulations/14_mph/driver/belt/noairbag/madymo/madymo.peak	25.837	86	101	42.07	79	115	201.91	600.46	20.582059123343527
0	1	11	14	data/minimal_simulations/14_mph/driver/nobelt/airbag/madymo/madymo.peak	21.918	103	118	37.843	88	124	190.75	852.27	19.444444444444443
1	1	11	14	data/minimal_simulations/14_mph/driver/belt/airbag/madymo/madymo.peak	37.001	84	99	59.061	74	110	239.14	1297.1	24.377166156982668
0	0	13	14	data/minimal_simulations/14_mph/pass/nobelt/noairbag/madymo/madymo.peak	36.647	121.7	124.9	36.647	121.7	124.9	518.61	2023.6	52.86544342507645
1	0	13	14	data/minimal_simulations/14_mph/pass/belt/noairbag/madymo/madymo.peak	27.246	83	98	43.111	73.4	109.4	204.43	747.36	20.83893985728848
0	1	13	14	data/minimal_simulations/14_mph/pass/nobelt/airbag/madymo/madymo.peak	6.1233	105.3	120.3	10.3	93.3	129.3	128.14	1474.1	13.062181447502546
1	1	13	14	data/minimal_simulations/14_mph/pass/belt/airbag/madymo/madymo.peak	15.877	84.4	99.4	26.591	63.7	99.7	177.43	1275.5	18.08664627930683
0	0	11	15	data/minimal_simulations/15_mph/driver/nobelt/noairbag/madymo/madymo.peak	41.272	105	120	51.701	102	138	447.48	3072.3	45.61467889908257
1	0	11	15	data/minimal_simulations/15_mph/driver/belt/noairbag/madymo/madymo.peak	30.038	86	101	49.471	78	114	210.94	587.71	21.50254841997961
0	1	11	15	data/minimal_simulations/15_mph/driver/nobelt/airbag/madymo/madymo.peak	28.054	100	115	47.294	87	123	212.09	942.82	21.619775739041792
1	1	11	15	data/minimal_simulations/15_mph/driver/belt/airbag/madymo/madymo.peak	47.604	84	99	70.603	73	109	259.46	1333.8	26.44852191641182
0	0	13	15	data/minimal_simulations/15_mph/pass/nobelt/noairbag/madymo/madymo.peak	92.816	112.6	115.7	92.816	112.6	115.7	734.39	3681	74.86136595310907
1	0	13	15	data/minimal_simulations/15_mph/pass/belt/noairbag/madymo/madymo.peak	31.971	83.2	98.2	50.72	74.1	110.1	216.74	785.39	22.093781855249745
0	1	13	15	data/minimal_simulations/15_mph/pass/nobelt/airbag/madymo/madymo.peak	8.0173	102.5	117.5	13.473	91	127	133.15	1511.9	13.572884811416921
1	1	13	15	data/minimal_simulations/15_mph/pass/belt/airbag/madymo/madymo.peak	18.962	84.6	99.6	31.222	63.5	99.5	190.23	1516.3	19.3914373088685
0	0	11	16	data/minimal_simulations/16_mph/driver/nobelt/noairbag/madymo/madymo.peak	176.13	109	111	176.13	109	111	1140.2	5758.4	116.2283384301733
1	0	11	16	data/minimal_simulations/16_mph/driver/belt/noairbag/madymo/madymo.peak	35.238	85	100	58.963	78	114	223.93	691.33	22.82670744138634
0	1	11	16	data/minimal_simulations/16_mph/driver/nobelt/airbag/madymo/madymo.peak	28.208	94	109	45.802	81	117	212.92	917.22	21.70438328236493
1	1	11	16	data/minimal_simulations/16_mph/driver/belt/airbag/madymo/madymo.peak	57.413	84	99	82.932	72	108	280.94	1279.8	28.638124362895002
0	0	13	16	data/minimal_simulations/16_mph/pass/nobelt/noairbag/madymo/madymo.peak	347.08	106.4	108.8	347.08	106.4	108.8	1342.1	7609.6	136.80937818552496
1	0	13	16	data/minimal_simulations/16_mph/pass/belt/noairbag/madymo/madymo.peak	35.536	83	98	58.565	73.8	109.8	225.02	789.32	22.93781855249745
0	1	13	16	data/minimal_simulations/16_mph/pass/nobelt/airbag/madymo/madymo.peak	10.254	98.9	113.9	17.378	87.5	123.5	153.32	1802.9	15.628950050968399
1	1	13	16	data/minimal_simulations/16_mph/pass/belt/airbag/madymo/madymo.peak	21.832	84.2	99.2	36.501	63.5	99.5	203.68	1756.2	20.7624872579001
0	0	11	17	data/minimal_simulations/17_mph/driver/nobelt/noairbag/madymo/madymo.peak	567.47	103	106	567.47	103	106	1681.1	9871.6	171.36595310907236
1	0	11	17	data/minimal_simulations/17_mph/driver/belt/noairbag/madymo/madymo.peak	41.275	84	99	70.157	77	113	241.49	642.93	24.61671763506626
0	1	11	17	data/minimal_simulations/17_mph/driver/nobelt/airbag/madymo/madymo.peak	25.214	91	106	45.859	79	115	202.45	1193.2	20.637104994903158
1	1	11	17	data/minimal_simulations/17_mph/driver/belt/airbag/madymo/madymo.peak	71.404	83	98	100.58	71	107	307.13	1479.1	31.307849133537204
0	0	13	17	data/minimal_simulations/17_mph/pass/nobelt/noairbag/madymo/madymo.peak	759.15	101.7	104.2	759.15	101.7	104.2	1859.8	10941	189.58205912334353
1	0	13	17	data/minimal_simulations/17_mph/pass/belt/noairbag/madymo/madymo.peak	38.8	82.8	97.8	66.156	73.8	109.8	232.78	823.67	23.728848114169214
0	1	13	17	data/minimal_simulations/17_mph/pass/nobelt/airbag/madymo/madymo.peak	13.537	97.3	112.3	22.777	85.9	121.9	167.32	1485.9	17.056065239551476
1	1	13	17	data/minimal_simulations/17_mph/pass/belt/airbag/madymo/madymo.peak	25.037	83.3	98.3	42.195	63	99	208.62	1594.8	21.26605504587156
0	0	11	18	data/minimal_simulations/18_mph/driver/nobelt/noairbag/madymo/madymo.peak	976.37	99	102	976.37	99	102	2201.3	13096	224.3934760448522
1	0	11	18	data/minimal_simulations/18_mph/driver/belt/noairbag/madymo/madymo.peak	47.911	84	99	78.155	77	113	255.33	742.52	26.027522935779817
0	1	11	18	data/minimal_simulations/18_mph/driver/nobelt/airbag/madymo/madymo.peak	27.234	89	104	50.676	77	113	210.7	1221.7	21.47808358817533
1	1	11	18	data/minimal_simulations/18_mph/driver/belt/airbag/madymo/madymo.peak	80.236	81	96	114	70	106	325.94	1759.2	33.225280326197755
0	0	13	18	data/minimal_simulations/18_mph/pass/nobelt/noairbag/madymo/madymo.peak	1241.8	97.9	100.4	1241.8	97.9	100.4	2322.7	14172	236.76860346585113
1	0	13	18	data/minimal_simulations/18_mph/pass/belt/noairbag/madymo/madymo.peak	43.03	82.5	97.5	74.325	73.5	109.5	241.29	838.93	24.596330275229356
0	1	13	18	data/minimal_simulations/18_mph/pass/nobelt/airbag/madymo/madymo.peak	17.281	95.3	110.3	29.827	82.7	118.7	181.54	1545.1	18.505606523955144
1	1	13	18	data/minimal_simulations/18_mph/pass/belt/airbag/madymo/madymo.peak	27.71	83.1	98.1	47.807	62.9	98.9	220.03	1717.1	22.42915392456677
0	0	11	19	data/minimal_simulations/19_mph/driver/nobelt/noairbag/madymo/madymo.peak	1703.5	95	106	1703.5	95	106	2440.6	15239	248.78695208970436
1	0	11	19	data/minimal_simulations/19_mph/driver/belt/noairbag/madymo/madymo.peak	76.762	92	107	119.99	77	108	971.75	10034	99.05708460754332
0	1	11	19	data/minimal_simulations/19_mph/driver/nobelt/airbag/madymo/madymo.peak	28.504	88	103	54.462	75	111	215.43	1257.8	21.960244648318042
1	1	11	19	data/minimal_simulations/19_mph/driver/belt/airbag/madymo/madymo.peak	86.997	80	95	127.41	69	105	338.53	1987.4	34.50866462793068
0	0	13	19	data/minimal_simulations/19_mph/pass/nobelt/noairbag/madymo/madymo.peak	1782.4	94.7	97.1	1782.4	94.7	97.1	2661.7	16576	271.32517838939856
1	0	13	19	data/minimal_simulations/19_mph/pass/belt/noairbag/madymo/madymo.peak	47.584	81.8	96.8	84.327	73.4	109.4	251.15	859.86	25.60142711518858
0	1	13	19	data/minimal_simulations/19_mph/pass/nobelt/airbag/madymo/madymo.peak	21.88	93	108	38.153	80.6	116.6	200.71	1448.4	20.45973496432212
1	1	13	19	data/minimal_simulations/19_mph/pass/belt/airbag/madymo/madymo.peak	31.423	82.5	97.5	54.968	62.9	98.9	231.33	1619.9	23.581039755351682
0	0	11	20	data/minimal_simulations/20_mph/driver/nobelt/noairbag/madymo/madymo.peak	3030.5	92	102	3030.5	92	102	2767.4	17743	282.0998980632008
1	0	11	20	data/minimal_simulations/20_mph/driver/belt/noairbag/madymo/madymo.peak	429.91	96	98	429.91	96	98	1929	22482	196.6360856269113
0	1	11	20	data/minimal_simulations/20_mph/driver/nobelt/airbag/madymo/madymo.peak	31.619	89	104	60.385	73	109	225.12	1305.7	22.948012232415902
1	1	11	20	data/minimal_simulations/20_mph/driver/belt/airbag/madymo/madymo.peak	99.763	79	94	144.55	68	104	355.1	2220.9	36.19775739041794
0	0	13	20	data/minimal_simulations/20_mph/pass/nobelt/noairbag/madymo/madymo.peak	2386.6	91.9	94.4	2386.6	91.9	94.4	2951.2	18760	300.8358817533129
1	0	13	20	data/minimal_simulations/20_mph/pass/belt/noairbag/madymo/madymo.peak	52.526	80.9	95.9	94.215	73	109	261.75	872.49	26.68195718654434
0	1	13	20	data/minimal_simulations/20_mph/pass/nobelt/airbag/madymo/madymo.peak	27.825	91.7	106.7	48.794	79.3	115.3	304.61	1390.1	31.050968399592254
1	1	13	20	data/minimal_simulations/20_mph/pass/belt/airbag/madymo/madymo.peak	35.504	82	97	63.121	62.4	98.4	237.49	1731.6	24.208970438328237
0	0	11	21	data/minimal_simulations/21_mph/driver/nobelt/noairbag/madymo/madymo.peak	2993.7	90	100	2993.7	90	100	3016.8	18758	307.5229357798165
1	0	11	21	data/minimal_simulations/21_mph/driver/belt/noairbag/madymo/madymo.peak	193.49	88	103	229.43	77	108	765.48	11741	78.03058103975535
0	1	11	21	data/minimal_simulations/21_mph/driver/nobelt/airbag/madymo/madymo.peak	35.832	87	102	68.317	71	107	234.87	1566.1	23.941896024464832
1	1	11	21	data/minimal_simulations/21_mph/driver/belt/airbag/madymo/madymo.peak	113.7	78	93	164.14	67	103	373.76	2422	38.09989806320081
0	0	13	21	data/minimal_simulations/21_mph/pass/nobelt/noairbag/madymo/madymo.peak	2947.3	89.5	91.9	2947.3	89.5	91.9	3204.4	20420	326.64627930682974
1	0	13	21	data/minimal_simulations/21_mph/pass/belt/noairbag/madymo/madymo.peak	57.105	80.3	95.3	104.96	72.7	108.7	268.62	888.38	27.382262996941893
0	1	13	21	data/minimal_simulations/21_mph/pass/nobelt/airbag/madymo/madymo.peak	35.382	88.1	103.1	61.653	76.2	112.2	364.76	2231.4	37.18246687054026
1	1	13	21	data/minimal_simulations/21_mph/pass/belt/airbag/madymo/madymo.peak	39.742	81.1	96.1	72.849	62.2	98.2	244.99	1710.9	24.973496432212027
0	0	11	22	data/minimal_simulations/22_mph/driver/nobelt/noairbag/madymo/madymo.peak	4423	87	97	4423	87	97	3464.2	22776	353.1294597349643
1	0	11	22	data/minimal_simulations/22_mph/driver/belt/noairbag/madymo/madymo.peak	277.66	89	101	295.54	78	104	1519	15865	154.841997961264
0	1	11	22	data/minimal_simulations/22_mph/driver/nobelt/airbag/madymo/madymo.peak	41.363	86	101	76.547	69	105	248.26	1659.2	25.30682976554536
1	1	11	22	data/minimal_simulations/22_mph/driver/belt/airbag/madymo/madymo.peak	128.42	76	91	184.01	66	102	390.56	2448.5	39.81243628950051
0	0	13	22	data/minimal_simulations/22_mph/pass/nobelt/noairbag/madymo/madymo.peak	3567.8	87.2	89.7	3567.8	87.2	89.7	3418.4	21760	348.46075433231397
1	0	13	22	data/minimal_simulations/22_mph/pass/belt/noairbag/madymo/madymo.peak	61.986	80.3	95.3	115.81	71.6	107.6	277.55	897.2	28.29255861365953
0	1	13	22	data/minimal_simulations/22_mph/pass/nobelt/airbag/madymo/madymo.peak	45.32	86.3	101.3	77.89	75.3	111.3	340	2895.8	34.6585117227319
1	1	13	22	data/minimal_simulations/22_mph/pass/belt/airbag/madymo/madymo.peak	44.992	79.8	94.8	83.837	61.7	97.7	255.36	1783.6	26.03058103975535
0	0	11	23	data/minimal_simulations/23_mph/driver/nobelt/noairbag/madymo/madymo.peak	5112.9	85	95	5112.9	85	95	3775.2	25220	384.8318042813455
1	0	11	23	data/minimal_simulations/23_mph/driver/belt/noairbag/madymo/madymo.peak	522.04	87	93	522.04	87	93	2284.9	30181	232.91539245667687
0	1	11	23	data/minimal_simulations/23_mph/driver/nobelt/airbag/madymo/madymo.peak	48.13	86	101	87.773	68	104	275.84	1628.2	28.11824668705402
1	1	11	23	data/minimal_simulations/23_mph/driver/belt/airbag/madymo/madymo.peak	144.34	75	90	207.6	65	101	409.32	2562.9	41.72477064220183
0	0	13	23	data/minimal_simulations/23_mph/pass/nobelt/noairbag/madymo/madymo.peak	4319.2	85.2	87.7	4319.2	85.2	87.7	3609.2	23581	367.9102956167176
1	0	13	23	data/minimal_simulations/23_mph/pass/belt/noairbag/madymo/madymo.peak	67.448	79.8	94.8	128.15	71.3	107.3	287.27	976.65	29.283384301732923
0	1	13	23	data/minimal_simulations/23_mph/pass/nobelt/airbag/madymo/madymo.peak	55.719	85	100	97.369	73	109	279.07	2124.1	28.447502548419976
1	1	13	23	data/minimal_simulations/23_mph/pass/belt/airbag/madymo/madymo.peak	50.184	79.6	94.6	95.946	61.2	97.2	266.26	1974.2	27.14169215086646
0	0	11	24	data/minimal_simulations/24_mph/driver/nobelt/noairbag/madymo/madymo.peak	5661.7	83	93	5661.7	83	93	4196.1	27779	427.737003058104
1	0	11	24	data/minimal_simulations/24_mph/driver/belt/noairbag/madymo/madymo.peak	204.13	84	99	255.85	74	110	918.16	6116.1	93.59429153924566
0	1	11	24	data/minimal_simulations/24_mph/driver/nobelt/airbag/madymo/madymo.peak	68.258	89	104	114.4	69	105	451.64	2702.6	46.03873598369011
1	1	11	24	data/minimal_simulations/24_mph/driver/belt/airbag/madymo/madymo.peak	144.48	73	88	193.11	62	98	418.86	2670.6	42.69724770642202
0	0	13	24	data/minimal_simulations/24_mph/pass/nobelt/noairbag/madymo/madymo.peak	5275.6	83.3	85.9	5275.6	83.3	85.9	3929.5	25722	400.56065239551475
1	0	13	24	data/minimal_simulations/24_mph/pass/belt/noairbag/madymo/madymo.peak	74.473	78.4	93.4	141.59	70.8	106.8	298.36	1114.7	30.413863404689092
0	1	13	24	data/minimal_simulations/24_mph/pass/nobelt/airbag/madymo/madymo.peak	72.581	83.5	98.5	120.66	71.5	107.5	307.67	1447.3	31.36289500509684
1	1	13	24	data/minimal_simulations/24_mph/pass/belt/airbag/madymo/madymo.peak	58.002	78	93	110.75	60.6	96.6	283.96	2004.2	28.94597349643221
0	0	11	25	data/minimal_simulations/25_mph/driver/nobelt/noairbag/madymo/madymo.peak	5934.6	82	85	5934.6	82	85	4386.6	29431	447.1559633027523
1	0	11	25	data/minimal_simulations/25_mph/driver/belt/noairbag/madymo/madymo.peak	640.13	82	85	640.13	82	85	2145.7	10295	218.72579001019366
0	1	11	25	data/minimal_simulations/25_mph/driver/nobelt/airbag/madymo/madymo.peak	137.64	84	98	152.55	64	100	945.02	2907.6	96.33231396534148
1	1	11	25	data/minimal_simulations/25_mph/driver/belt/airbag/madymo/madymo.peak	145.73	71	86	199.97	61	97	427.95	2810.9	43.62385321100917
0	0	13	25	data/minimal_simulations/25_mph/pass/nobelt/noairbag/madymo/madymo.peak	6458.9	81.7	84.2	6458.9	81.7	84.2	4192.2	27547	427.33944954128435
1	0	13	25	data/minimal_simulations/25_mph/pass/belt/noairbag/madymo/madymo.peak	80.962	78.1	93.1	151.94	70.1	106.1	310.4	1217.3	31.641182466870536
0	1	13	25	data/minimal_simulations/25_mph/pass/nobelt/airbag/madymo/madymo.peak	89.137	82.6	97.6	145.46	70.6	106.6	340.33	1491	34.69215086646279
1	1	13	25	data/minimal_simulations/25_mph/pass/belt/airbag/madymo/madymo.peak	65.314	76.5	91.5	126.71	60	96	297.6	2132.2	30.33639143730887
0	0	11	26	data/minimal_simulations/26_mph/driver/nobelt/noairbag/madymo/madymo.peak	8882.9	81	83	8882.9	81	83	5453.7	30271	555.9327217125382
1	0	11	26	data/minimal_simulations/26_mph/driver/belt/noairbag/madymo/madymo.peak	1246.5	80	83	1246.5	80	83	2335.2	12653	238.04281345565747
0	1	11	26	data/minimal_simulations/26_mph/driver/nobelt/airbag/madymo/madymo.peak	471.98	90	93	471.98	90	93	1591.2	7003.8	162.2018348623853
1	1	11	26	data/minimal_simulations/26_mph/driver/belt/airbag/madymo/madymo.peak	155.59	69	84	214.91	61	97	439.66	2991	44.81753312945973
0	0	13	26	data/minimal_simulations/26_mph/pass/nobelt/noairbag/madymo/madymo.peak	7785.1	80.1	82.6	7785.1	80.1	82.6	4542.3	29215	463.0275229357798
1	0	13	26	data/minimal_simulations/26_mph/pass/belt/noairbag/madymo/madymo.peak	88.18	78.1	93.1	163.97	69.5	105.5	320.92	1286	32.71355759429154
0	1	13	26	data/minimal_simulations/26_mph/pass/nobelt/airbag/madymo/madymo.peak	109.3	81.3	96.3	176.47	69.3	105.3	367.81	1620.6	37.493374108053004
1	1	13	26	data/minimal_simulations/26_mph/pass/belt/airbag/madymo/madymo.peak	73.338	75.3	90.3	144.51	59.7	95.7	310.48	2200	31.649337410805302
0	0	11	27	data/minimal_simulations/27_mph/driver/nobelt/noairbag/madymo/madymo.peak	8644.9	79	82	8644.9	79	82	5436.3	34329	554.1590214067278
1	0	11	27	data/minimal_simulations/27_mph/driver/belt/noairbag/madymo/madymo.peak	692.93	79	86	692.93	79	86	1489.4	15058	151.82466870540264
0	1	11	27	data/minimal_simulations/27_mph/driver/nobelt/airbag/madymo/madymo.peak	884.79	87	90	884.79	87	90	2018	9490	205.7084607543323
1	1	11	27	data/minimal_simulations/27_mph/driver/belt/airbag/madymo/madymo.peak	161.09	68	83	226.82	60	96	443.21	3016	45.17940876656473
0	0	13	27	data/minimal_simulations/27_mph/pass/nobelt/noairbag/madymo/madymo.peak	9312.1	78.7	81.2	9312.1	78.7	81.2	4951.7	30605	504.7604485219164
1	0	13	27	data/minimal_simulations/27_mph/pass/belt/noairbag/madymo/madymo.peak	96.381	78.2	93.2	176.71	68.8	104.8	333.46	1376	33.99184505606524
0	1	13	27	data/minimal_simulations/27_mph/pass/nobelt/airbag/madymo/madymo.peak	131.74	80	95	208.52	68.2	104.2	398.13	1631.5	40.584097859327215
1	1	13	27	data/minimal_simulations/27_mph/pass/belt/airbag/madymo/madymo.peak	86.828	73.1	88.1	167.08	59.6	95.6	331.96	2287.2	33.83893985728848
0	0	11	28	data/minimal_simulations/28_mph/driver/nobelt/noairbag/madymo/madymo.peak	11930	78	80	11930	78	80	6312.2	33127	643.4454638124363
1	0	11	28	data/minimal_simulations/28_mph/driver/belt/noairbag/madymo/madymo.peak	806.71	77	88	806.71	77	88	1552.4	17690	158.2466870540265
0	1	11	28	data/minimal_simulations/28_mph/driver/nobelt/airbag/madymo/madymo.peak	1526.4	85	87	1526.4	85	87	2604.4	14390	265.4841997961264
1	1	11	28	data/minimal_simulations/28_mph/driver/belt/airbag/madymo/madymo.peak	160.03	66	81	235.36	60	96	433.1	3130.8	44.14882772680938
0	0	13	28	data/minimal_simulations/28_mph/pass/nobelt/noairbag/madymo/madymo.peak	10890	77.4	79.8	10890	77.4	79.8	5393.9	31464	549.8369011213048
1	0	13	28	data/minimal_simulations/28_mph/pass/belt/noairbag/madymo/madymo.peak	106.5	79.1	94.1	192.71	68.3	104.3	350.85	1478.7	35.764525993883794
0	1	13	28	data/minimal_simulations/28_mph/pass/nobelt/airbag/madymo/madymo.peak	157.49	78.5	93.5	245.33	67	103	430.88	1811.3	43.92252803261977
1	1	13	28	data/minimal_simulations/28_mph/pass/belt/airbag/madymo/madymo.peak	100.64	72.6	87.6	190.65	59.3	95.3	355.12	2461.5	36.19979612640163
0	0	11	29	data/minimal_simulations/29_mph/driver/nobelt/noairbag/madymo/madymo.peak	11915	77	79	11915	77	79	6619.1	35304	674.729867482161
1	0	11	29	data/minimal_simulations/29_mph/driver/belt/noairbag/madymo/madymo.peak	1334.3	76	83	1334.3	76	83	2373.4	50472	241.93679918450562
0	1	11	29	data/minimal_simulations/29_mph/driver/nobelt/airbag/madymo/madymo.peak	1836	83	85	1836	83	85	2737	15774	279.00101936799183
1	1	11	29	data/minimal_simulations/29_mph/driver/belt/airbag/madymo/madymo.peak	159.82	65	80	246.34	60	96	429	3122.7	43.730886850152906
0	0	13	29	data/minimal_simulations/29_mph/pass/nobelt/noairbag/madymo/madymo.peak	12337	76.1	78.5	12337	76.1	78.5	5846	32024	595.9225280326198
1	0	13	29	data/minimal_simulations/29_mph/pass/belt/noairbag/madymo/madymo.peak	120.04	79.3	94.3	211.72	67.8	103.8	380.35	1556.1	38.771661569826705
0	1	13	29	data/minimal_simulations/29_mph/pass/nobelt/airbag/madymo/madymo.peak	190.73	77.1	92.1	287.23	65.4	101.4	464.05	1877.1	47.303771661569826
1	1	13	29	data/minimal_simulations/29_mph/pass/belt/airbag/madymo/madymo.peak	118.78	72.1	87.1	218.03	59	95	377.22	2359.6	38.452599388379205
0	0	11	30	data/minimal_simulations/30_mph/driver/nobelt/noairbag/madymo/madymo.peak	13085	75	78	13085	75	78	6460.4	37996	658.5524974515799
1	0	11	30	data/minimal_simulations/30_mph/driver/belt/noairbag/madymo/madymo.peak	784.37	74	80	784.37	74	80	2453.8	29498	250.13251783893986
0	1	11	30	data/minimal_simulations/30_mph/driver/nobelt/airbag/madymo/madymo.peak	2394.6	81	84	2394.6	81	84	2987.7	18388	304.5565749235474
1	1	11	30	data/minimal_simulations/30_mph/driver/belt/airbag/madymo/madymo.peak	164.88	64	79	261.83	59	95	433.48	3062.4	44.18756371049949
0	0	13	30	data/minimal_simulations/30_mph/pass/nobelt/noairbag/madymo/madymo.peak	13598	74.9	77.4	13598	74.9	77.4	6171.4	32478	629.0927624872578
1	0	13	30	data/minimal_simulations/30_mph/pass/belt/noairbag/madymo/madymo.peak	127.04	78.5	93.5	209.46	67.3	99.3	389.98	1532.1	39.7533129459735
0	1	13	30	data/minimal_simulations/30_mph/pass/nobelt/airbag/madymo/madymo.peak	219.46	76.1	91.1	332.76	64.2	100.2	491.03	2189.3	50.05402650356778
1	1	13	30	data/minimal_simulations/30_mph/pass/belt/airbag/madymo/madymo.peak	137.89	71	86	248.44	58.8	94.8	399.17	2498.7	40.6901121304791
0	0	11	31	data/minimal_simulations/31_mph/driver/nobelt/noairbag/madymo/madymo.peak	13767	74	77	13767	74	77	6664.1	36271	679.3170234454639
1	0	11	31	data/minimal_simulations/31_mph/driver/belt/noairbag/madymo/madymo.peak	847.68	74	79	847.68	74	79	2447.8	25246	249.52089704383283
0	1	11	31	data/minimal_simulations/31_mph/driver/nobelt/airbag/madymo/madymo.peak	3062.5	79	83	3062.5	79	83	3169.4	21087	323.07849133537206
1	1	11	31	data/minimal_simulations/31_mph/driver/belt/airbag/madymo/madymo.peak	162.57	63	78	278.97	60	96	427.68	3034.4	43.596330275229356
0	0	13	31	data/minimal_simulations/31_mph/pass/nobelt/noairbag/madymo/madymo.peak	14849	73.8	76.3	14849	73.8	76.3	6378.2	33825	650.1732925586136
1	0	13	31	data/minimal_simulations/31_mph/pass/belt/noairbag/madymo/madymo.peak	149.8	77.7	92.7	213.71	67.5	95.4	436.81	1656.7	44.52701325178389
0	1	13	31	data/minimal_simulations/31_mph/pass/nobelt/airbag/madymo/madymo.peak	262.32	74.9	89.9	387.54	62.9	98.9	525.89	3188.2	53.60754332313965
1	1	13	31	data/minimal_simulations/31_mph/pass/belt/airbag/madymo/madymo.peak	158.06	70.4	85.4	283.78	58.5	94.5	424.35	2465.5	43.25688073394495
0	0	11	32	data/minimal_simulations/32_mph/driver/nobelt/noairbag/madymo/madymo.peak	16105	73	76	16105	73	76	7303.9	39082	744.5361875637104
1	0	11	32	data/minimal_simulations/32_mph/driver/belt/noairbag/madymo/madymo.peak	933.77	71	78	969.58	71	92	1876.2	17396	191.25382262996942
0	1	11	32	data/minimal_simulations/32_mph/driver/nobelt/airbag/madymo/madymo.peak	2743.1	78	81	2743.1	78	81	3279.2	21715	334.27115188583076
1	1	11	32	data/minimal_simulations/32_mph/driver/belt/airbag/madymo/madymo.peak	157.73	63	78	300.97	60	96	425.75	2920.2	43.39959225280326
0	0	13	32	data/minimal_simulations/32_mph/pass/nobelt/noairbag/madymo/madymo.peak	16161	72.8	75.3	16161	72.8	75.3	6554.9	34687	668.1855249745157
1	0	13	32	data/minimal_simulations/32_mph/pass/belt/noairbag/madymo/madymo.peak	170.56	77.4	92.4	222.45	67.3	92.7	489.47	1780.7	49.89500509683996
0	1	13	32	data/minimal_simulations/32_mph/pass/nobelt/airbag/madymo/madymo.peak	310.19	74	89	447.96	61.9	97.9	566.82	2636.4	57.77981651376147
1	1	13	32	data/minimal_simulations/32_mph/pass/belt/airbag/madymo/madymo.peak	178	69.7	84.7	320.71	58.2	94.2	446.28	2557.5	45.49235474006116
0	0	11	33	data/minimal_simulations/33_mph/driver/nobelt/noairbag/madymo/madymo.peak	17374	72	75	17374	72	75	7532.9	38460	767.8797145769622
1	0	11	33	data/minimal_simulations/33_mph/driver/belt/noairbag/madymo/madymo.peak	1036.7	70	85	1089.5	70	91	1643.3	18416	167.51274209989805
0	1	11	33	data/minimal_simulations/33_mph/driver/nobelt/airbag/madymo/madymo.peak	6012	77	79	6012	77	79	4627.4	29530	471.7023445463812
1	1	11	33	data/minimal_simulations/33_mph/driver/belt/airbag/madymo/madymo.peak	155	62	77	323.25	60	96	420.86	2749.3	42.901121304791026
0	0	13	33	data/minimal_simulations/33_mph/pass/nobelt/noairbag/madymo/madymo.peak	17425	71.8	74.3	17425	71.8	74.3	6776.7	35489	690.795107033639
1	0	13	33	data/minimal_simulations/33_mph/pass/belt/noairbag/madymo/madymo.peak	193.91	75.5	90.5	232.05	67.2	90.5	550.32	1938.4	56.09785932721713
0	1	13	33	data/minimal_simulations/33_mph/pass/nobelt/airbag/madymo/madymo.peak	358.89	72.8	87.8	512.75	61.6	96.9	706.25	6866	71.99286442405707
1	1	13	33	data/minimal_simulations/33_mph/pass/belt/airbag/madymo/madymo.peak	203.98	69	84	363.02	58	94	461.82	2677.6	47.076452599388375
0	0	11	34	data/minimal_simulations/34_mph/driver/nobelt/noairbag/madymo/madymo.peak	18413	71	74	18413	71	74	7662.8	39335	781.1213047910295
1	0	11	34	data/minimal_simulations/34_mph/driver/belt/noairbag/madymo/madymo.peak	932.72	69	84	1038.7	69	91	1615.4	19349	164.66870540265035
0	1	11	34	data/minimal_simulations/34_mph/driver/nobelt/airbag/madymo/madymo.peak	5287.8	76	78	5287.8	76	78	4528.7	27479	461.6411824668705
1	1	11	34	data/minimal_simulations/34_mph/driver/belt/airbag/madymo/madymo.peak	159.16	62	77	359.39	59	95	429.09	2642.5	43.740061162079506
0	0	13	34	data/minimal_simulations/34_mph/pass/nobelt/noairbag/madymo/madymo.peak	18755	70.9	73.4	18755	70.9	73.4	7113.6	36157	725.1376146788991
1	0	13	34	data/minimal_simulations/34_mph/pass/belt/noairbag/madymo/madymo.peak	214.53	72.9	87.9	236.23	67	87.9	601.43	2038.4	61.307849133537196
0	1	13	34	data/minimal_simulations/34_mph/pass/nobelt/airbag/madymo/madymo.peak	488.31	71.8	86.8	622.23	61.4	94.5	983.61	6273.8	100.26605504587155
1	1	13	34	data/minimal_simulations/34_mph/pass/belt/airbag/madymo/madymo.peak	232.7	68.2	83.2	408.53	57.6	93.6	491.76	2683.7	50.12844036697248
0	0	11	35	data/minimal_simulations/35_mph/driver/nobelt/noairbag/madymo/madymo.peak	18928	70	73	18928	70	73	7401.7	39613	754.5056065239551
1	0	11	35	data/minimal_simulations/35_mph/driver/belt/noairbag/madymo/madymo.peak	844.86	68	73	952.45	68	90	2374	22142	241.9979612640163
0	1	11	35	data/minimal_simulations/35_mph/driver/nobelt/airbag/madymo/madymo.peak	9331.2	74	77	9331.2	74	77	5735.3	32076	584.638124362895
1	1	11	35	data/minimal_simulations/35_mph/driver/belt/airbag/madymo/madymo.peak	178.89	79	94	388	59	95	452.13	2861.4	46.088685015290515
0	0	13	35	data/minimal_simulations/35_mph/pass/nobelt/noairbag/madymo/madymo.peak	20289	70	72.4	20289	70	72.4	7428.8	37285	757.2680937818552
1	0	13	35	data/minimal_simulations/35_mph/pass/belt/noairbag/madymo/madymo.peak	227.12	71	86	239.33	66.7	86	649.88	2327.9	66.2466870540265
0	1	13	35	data/minimal_simulations/35_mph/pass/nobelt/airbag/madymo/madymo.peak	702.95	70.6	85.6	779.31	62.4	91.7	1577.1	8772.5	160.76452599388378
1	1	13	35	data/minimal_simulations/35_mph/pass/belt/airbag/madymo/madymo.peak	267.32	68	83	453.98	57.2	93.2	522.44	2901.4	53.25586136595311
0	0	11	36	data/minimal_simulations/36_mph/driver/nobelt/noairbag/madymo/madymo.peak	20056	70	72	20056	70	72	7810.7	39839	796.1977573904179
1	0	11	36	data/minimal_simulations/36_mph/driver/belt/noairbag/madymo/madymo.peak	777.15	67	82	965.39	67	91	2497.2	15819	254.55657492354737
0	1	11	36	data/minimal_simulations/36_mph/driver/nobelt/airbag/madymo/madymo.peak	9363.1	73	76	9363.1	73	76	6442.5	36265	656.7278287461774
1	1	11	36	data/minimal_simulations/36_mph/driver/belt/airbag/madymo/madymo.peak	203.96	78	93	421.75	58	94	475.54	2991.6	48.4750254841998
0	0	13	36	data/minimal_simulations/36_mph/pass/nobelt/noairbag/madymo/madymo.peak	21831	69.2	71.5	21831	69.2	71.5	7734.5	39027	788.4301732925586
1	0	13	36	data/minimal_simulations/36_mph/pass/belt/noairbag/madymo/madymo.peak	244.94	69.6	84.6	250.84	66.7	84.6	727.82	2413.1	74.19164118246687
0	1	13	36	data/minimal_simulations/36_mph/pass/nobelt/airbag/madymo/madymo.peak	859.29	69.5	84.5	915.1	62.4	89.4	1860.2	11010	189.62283384301733
1	1	13	36	data/minimal_simulations/36_mph/pass/belt/airbag/madymo/madymo.peak	302.37	67.6	82.6	506.68	56.9	92.9	546.7	2903.9	55.72884811416922
0	0	11	37	data/minimal_simulations/37_mph/driver/nobelt/noairbag/madymo/madymo.peak	23450	69	71	23450	69	71	8630.7	40104	879.7859327217126
1	0	11	37	data/minimal_simulations/37_mph/driver/belt/noairbag/madymo/madymo.peak	769.99	66	81	1026.4	66	91	2211.6	18494	225.44342507645257
0	1	11	37	data/minimal_simulations/37_mph/driver/nobelt/airbag/madymo/madymo.peak	10882	72	74	10882	72	74	7381	40340	752.3955147808358
1	1	11	37	data/minimal_simulations/37_mph/driver/belt/airbag/madymo/madymo.peak	262.23	77	92	471.48	58	94	528.62	2945.9	53.88583078491335
0	0	13	37	data/minimal_simulations/37_mph/pass/nobelt/noairbag/madymo/madymo.peak	23491	68.4	70.7	23491	68.4	70.7	8080.6	40586	823.710499490316
1	0	13	37	data/minimal_simulations/37_mph/pass/belt/noairbag/madymo/madymo.peak	263.7	68.5	83.5	266.26	66.6	83.5	797.24	2399.8	81.26809378185524
0	1	13	37	data/minimal_simulations/37_mph/pass/nobelt/airbag/madymo/madymo.peak	1345.8	75.6	78.2	1345.8	75.6	78.2	2245	13973	228.84811416921508
1	1	13	37	data/minimal_simulations/37_mph/pass/belt/airbag/madymo/madymo.peak	345.35	67.4	82.4	560.9	56.4	92.4	574.65	3122.4	58.57798165137614
0	0	11	38	data/minimal_simulations/38_mph/driver/nobelt/noairbag/madymo/madymo.peak	28434	68	70	28434	68	70	9605.4	44757	979.1437308868501
1	0	11	38	data/minimal_simulations/38_mph/driver/belt/noairbag/madymo/madymo.peak	1071.4	65	80	1275.4	65	89	2021.5	20544	206.06523955147807
0	1	11	38	data/minimal_simulations/38_mph/driver/nobelt/airbag/madymo/madymo.peak	13258	71	73	13258	71	73	7953.3	43194	810.7339449541284
1	1	11	38	data/minimal_simulations/38_mph/driver/belt/airbag/madymo/madymo.peak	310.43	75	90	519.23	57	93	575.39	2741.4	58.65341488277268
0	0	13	38	data/minimal_simulations/38_mph/pass/nobelt/noairbag/madymo/madymo.peak	25189	67.6	69.9	25189	67.6	69.9	8425.3	42133	858.848114169215
1	0	13	38	data/minimal_simulations/38_mph/pass/belt/noairbag/madymo/madymo.peak	277.19	67.1	82.1	277.33	66.6	82.1	870.99	2338	88.78593272171254
0	1	13	38	data/minimal_simulations/38_mph/pass/nobelt/airbag/madymo/madymo.peak	1833	74.2	76.8	1833	74.2	76.8	2535.6	16298	258.4709480122324
1	1	13	38	data/minimal_simulations/38_mph/pass/belt/airbag/madymo/madymo.peak	390.26	67.3	82.3	623.48	56	92	607.84	3273.8	61.96126401630989
0	0	11	39	data/minimal_simulations/39_mph/driver/nobelt/noairbag/madymo/madymo.peak	27890	67	69	27890	67	69	10028	46974	1022.2222222222222
1	0	11	39	data/minimal_simulations/39_mph/driver/belt/noairbag/madymo/madymo.peak	1219.1	65	80	1436.3	64	87	1783.7	27702	181.82466870540264
0	1	11	39	data/minimal_simulations/39_mph/driver/nobelt/airbag/madymo/madymo.peak	14989	70	72	14989	70	72	8331.6	45901	849.2966360856269
1	1	11	39	data/minimal_simulations/39_mph/driver/belt/airbag/madymo/madymo.peak	401.2	74	89	589.85	58	94	637.22	2869.8	64.95616717635066
0	0	13	39	data/minimal_simulations/39_mph/pass/nobelt/noairbag/madymo/madymo.peak	26893	66.9	69.2	26893	66.9	69.2	8742.4	43601	891.1722731906217
1	0	13	39	data/minimal_simulations/39_mph/pass/belt/noairbag/madymo/madymo.peak	290.33	66.6	81.6	290.39	66.3	81.6	864.66	2465.6	88.14067278287462
0	1	13	39	data/minimal_simulations/39_mph/pass/nobelt/airbag/madymo/madymo.peak	2180.7	73.1	75.7	2180.7	73.1	75.7	2723	17914	277.57390417940877
1	1	13	39	data/minimal_simulations/39_mph/pass/belt/airbag/madymo/madymo.peak	438.34	66.5	81.5	691.79	55.7	91.7	635.85	3354.2	64.81651376146789
0	0	11	40	data/minimal_simulations/40_mph/driver/nobelt/noairbag/madymo/madymo.peak	25175	66	69	25175	66	69	8093.7	42636	825.0458715596329
1	0	11	40	data/minimal_simulations/40_mph/driver/belt/noairbag/madymo/madymo.peak	1325.1	64	79	1521.9	64	86	1873.3	31213	190.95820591233434
0	1	11	40	data/minimal_simulations/40_mph/driver/nobelt/airbag/madymo/madymo.peak	16861	69	71	16861	69	71	8654.1	49298	882.17125382263
1	1	11	40	data/minimal_simulations/40_mph/driver/belt/airbag/madymo/madymo.peak	449.7	73	88	641.06	57	93	669.72	2934.2	68.2691131498471
0	0	13	40	data/minimal_simulations/40_mph/pass/nobelt/noairbag/madymo/madymo.peak	28642	66.2	68.5	28642	66.2	68.5	9096.8	46041	927.2986748216105
1	0	13	40	data/minimal_simulations/40_mph/pass/belt/noairbag/madymo/madymo.peak	275.65	65.9	80.1	275.65	65.9	80.1	889.6	2270.4	90.68297655453618
0	1	13	40	data/minimal_simulations/40_mph/pass/nobelt/airbag/madymo/madymo.peak	2595.9	72	74.6	2595.9	72	74.6	2942.5	19735	299.94903160040775
1	1	13	40	data/minimal_simulations/40_mph/pass/belt/airbag/madymo/madymo.peak	495.13	66.2	81.2	762.65	55.9	91.2	666.8	3443.2	67.97145769622833
0	0	11	41	data/minimal_simulations/41_mph/driver/nobelt/noairbag/madymo/madymo.peak	29222	66	68	29222	66	68	9584.5	45233	977.0132517838939
1	0	11	41	data/minimal_simulations/41_mph/driver/belt/noairbag/madymo/madymo.peak	1656.9	63	78	1872.2	63	85	2282.2	31747	232.64016309887867
0	1	11	41	data/minimal_simulations/41_mph/driver/nobelt/airbag/madymo/madymo.peak	18774	68	71	18774	68	71	8367.7	49061	852.9765545361876
1	1	11	41	data/minimal_simulations/41_mph/driver/belt/airbag/madymo/madymo.peak	508.02	72	87	700.21	56	92	705.15	2973.8	71.88073394495412
0	0	13	41	data/minimal_simulations/41_mph/pass/nobelt/noairbag/madymo/madymo.peak	30380	65.6	67.8	30380	65.6	67.8	9530.6	49420	971.5188583078491
1	0	13	41	data/minimal_simulations/41_mph/pass/belt/noairbag/madymo/madymo.peak	283.24	65.8	79.2	283.24	65.8	79.2	920.95	2099.9	93.87869520897044
0	1	13	41	data/minimal_simulations/41_mph/pass/nobelt/airbag/madymo/madymo.peak	3005.5	70.9	73.6	3005.5	70.9	73.6	3116.4	21443	317.67584097859327
1	1	13	41	data/minimal_simulations/41_mph/pass/belt/airbag/madymo/madymo.peak	542.53	65.6	80.6	833.05	55.2	90.6	693.97	3574.3	70.74108053007136
0	0	11	42	data/minimal_simulations/42_mph/driver/nobelt/noairbag/madymo/madymo.peak	32525	65	67	32525	65	67	10822	50667	1103.1600407747196
1	0	11	42	data/minimal_simulations/42_mph/driver/belt/noairbag/madymo/madymo.peak	1504.7	62	77	1818.6	62	84	2378.8	40183	242.48725790010195
0	1	11	42	data/minimal_simulations/42_mph/driver/nobelt/airbag/madymo/madymo.peak	17436	67	70	17436	67	70	7293.3	42790	743.4556574923547
1	1	11	42	data/minimal_simulations/42_mph/driver/belt/airbag/madymo/madymo.peak	573.6	71	86	763.39	56	92	743.92	3044.3	75.8328236493374
0	0	13	42	data/minimal_simulations/42_mph/pass/nobelt/noairbag/madymo/madymo.peak	32131	64.9	67.1	32131	64.9	67.1	9919.7	51959	1011.1824668705403
1	0	13	42	data/minimal_simulations/42_mph/pass/belt/noairbag/madymo/madymo.peak	293.46	65.9	78.4	293.46	65.9	78.4	976.63	2149.5	99.5545361875637
0	1	13	42	data/minimal_simulations/42_mph/pass/nobelt/airbag/madymo/madymo.peak	3706.8	69.9	72.4	3706.8	69.9	72.4	3307	23362	337.10499490316005
1	1	13	42	data/minimal_simulations/42_mph/pass/belt/airbag/madymo/madymo.peak	604.92	65.2	80.2	917.41	55.2	89.7	716.25	3769.9	73.01223241590213
0	0	11	43	data/minimal_simulations/43_mph/driver/nobelt/noairbag/madymo/madymo.peak	27649	64	67	27649	64	67	8608.4	43945	877.512742099898
1	0	11	43	data/minimal_simulations/43_mph/driver/belt/noairbag/madymo/madymo.peak	1302.1	62	77	1679.6	62	87	2907.8	41921	296.4118246687054
0	1	11	43	data/minimal_simulations/43_mph/driver/nobelt/airbag/madymo/madymo.peak	11734	67	69	11734	67	69	7292.9	40377	743.4148827726808
1	1	11	43	data/minimal_simulations/43_mph/driver/belt/airbag/madymo/madymo.peak	649.7	71	86	830.99	55	91	797.68	3149.1	81.31294597349643
0	0	13	43	data/minimal_simulations/43_mph/pass/nobelt/noairbag/madymo/madymo.peak	33904	64.3	66.5	33904	64.3	66.5	10245	54823	1044.34250764526
1	0	13	43	data/minimal_simulations/43_mph/pass/belt/noairbag/madymo/madymo.peak	289.33	65.5	77.2	289.33	65.5	77.2	1023.3	1960.9	104.31192660550458
0	1	13	43	data/minimal_simulations/43_mph/pass/nobelt/airbag/madymo/madymo.peak	4301.1	69	71.6	4301.1	69	71.6	3428.7	24242	349.51070336391433
1	1	13	43	data/minimal_simulations/43_mph/pass/belt/airbag/madymo/madymo.peak	676.16	64.7	79.7	1006.2	54.8	89.2	746.16	3955.3	76.0611620795107
0	0	11	44	data/minimal_simulations/44_mph/driver/nobelt/noairbag/madymo/madymo.peak	35035	64	66	35035	64	66	10653	51007	1085.932721712538
1	0	11	44	data/minimal_simulations/44_mph/driver/belt/noairbag/madymo/madymo.peak	1396.4	61	63	1628.1	61	86	3196.6	39727	325.85117227319057
0	1	11	44	data/minimal_simulations/44_mph/driver/nobelt/airbag/madymo/madymo.peak	21049	66	69	21049	66	69	9581	57571	976.6564729867482
1	1	11	44	data/minimal_simulations/44_mph/driver/belt/airbag/madymo/madymo.peak	727.52	70	85	897.33	55	91	852.78	3214.4	86.92966360856268
0	0	13	44	data/minimal_simulations/44_mph/pass/nobelt/noairbag/madymo/madymo.peak	35612	63.7	65.9	35612	63.7	65.9	10539	57124	1074.3119266055046
1	0	13	44	data/minimal_simulations/44_mph/pass/belt/noairbag/madymo/madymo.peak	297.42	65.7	75.9	297.42	65.7	75.9	1160.1	1467.1	118.25688073394494
0	1	13	44	data/minimal_simulations/44_mph/pass/nobelt/airbag/madymo/madymo.peak	5162.7	68.1	70.7	5162.7	68.1	70.7	3824.4	25565	389.84709480122325
1	1	13	44	data/minimal_simulations/44_mph/pass/belt/airbag/madymo/madymo.peak	757.96	64.5	79.5	1112.3	54.6	88.4	785.87	3868.3	80.10907237512741
0	0	11	45	data/minimal_simulations/45_mph/driver/nobelt/noairbag/madymo/madymo.peak	33847	63	66	33847	63	66	10428	50234	1062.9969418960245
1	0	11	45	data/minimal_simulations/45_mph/driver/belt/noairbag/madymo/madymo.peak	2181.2	74	78	2349.7	60	79	2802.9	25877	285.71865443425077
0	1	11	45	data/minimal_simulations/45_mph/driver/nobelt/airbag/madymo/madymo.peak	23955	65	68	23955	65	68	8652.5	51080	882.0081549439348
1	1	11	45	data/minimal_simulations/45_mph/driver/belt/airbag/madymo/madymo.peak	805.19	69	84	975.63	55	91	888.71	3275.2	90.59225280326197
0	0	13	45	data/minimal_simulations/45_mph/pass/nobelt/noairbag/madymo/madymo.peak	37305	63.2	65.3	37305	63.2	65.3	10845	59189	1105.5045871559632
1	0	13	45	data/minimal_simulations/45_mph/pass/belt/noairbag/madymo/madymo.peak	289.46	65.1	74.9	289.46	65.1	74.9	1230.1	1290.9	125.39245667686033
0	1	13	45	data/minimal_simulations/45_mph/pass/nobelt/airbag/madymo/madymo.peak	6373.1	67.3	69.7	6373.1	67.3	69.7	4378.3	26358	446.3098878695209
1	1	13	45	data/minimal_simulations/45_mph/pass/belt/airbag/madymo/madymo.peak	845.67	64.3	79.3	1225.8	54.5	87.8	825.59	4072.6	84.15800203873599
0	0	11	46	data/minimal_simulations/46_mph/driver/nobelt/noairbag/madymo/madymo.peak	33375	63	65	33375	63	65	10181	49546	1037.8185524974515
1	0	11	46	data/minimal_simulations/46_mph/driver/belt/noairbag/madymo/madymo.peak	4027.8	73	76	4027.8	73	76	3857.8	35675	393.2517838939857
0	1	11	46	data/minimal_simulations/46_mph/driver/nobelt/airbag/madymo/madymo.peak	14855	65	68	14855	65	68	8141.7	46411	829.9388379204893
1	1	11	46	data/minimal_simulations/46_mph/driver/belt/airbag/madymo/madymo.peak	871.61	69	84	1053.1	55	91	924.97	3467.9	94.28848114169215
0	0	13	46	data/minimal_simulations/46_mph/pass/nobelt/noairbag/madymo/madymo.peak	38938	62.6	64.8	38938	62.6	64.8	11133	60839	1134.8623853211009
1	0	13	46	data/minimal_simulations/46_mph/pass/belt/noairbag/madymo/madymo.peak	277.01	64.4	74.1	277.01	64.4	74.1	1303.6	1388.2	132.88481141692148
0	1	13	46	data/minimal_simulations/46_mph/pass/nobelt/airbag/madymo/madymo.peak	7199.5	66.7	69	7199.5	66.7	69	4710.8	28595	480.203873598369
1	1	13	46	data/minimal_simulations/46_mph/pass/belt/airbag/madymo/madymo.peak	925.09	63.7	78.7	1326.4	55.1	86.9	860.46	4219.1	87.7125382262997
0	0	11	47	data/minimal_simulations/47_mph/driver/nobelt/noairbag/madymo/madymo.peak	37652	62	65	37652	62	65	11553	54561	1177.6758409785932
1	0	11	47	data/minimal_simulations/47_mph/driver/belt/noairbag/madymo/madymo.peak	6217.9	71	74	6217.9	71	74	4684.7	43649	477.54332313965335
0	1	11	47	data/minimal_simulations/47_mph/driver/nobelt/airbag/madymo/madymo.peak	27050	64	67	27050	64	67	10268	61617	1046.6870540265036
1	1	11	47	data/minimal_simulations/47_mph/driver/belt/airbag/madymo/madymo.peak	1028.4	67	82	1188.7	54	90	1033.2	3429.6	105.3211009174312
0	0	13	47	data/minimal_simulations/47_mph/pass/nobelt/noairbag/madymo/madymo.peak	40582	62.1	64.2	40582	62.1	64.2	11341	62978	1156.065239551478
1	0	13	47	data/minimal_simulations/47_mph/pass/belt/noairbag/madymo/madymo.peak	303.25	64.5	73.5	303.25	64.5	73.5	1413.1	1307.8	144.04689092762484
0	1	13	47	data/minimal_simulations/47_mph/pass/nobelt/airbag/madymo/madymo.peak	7885	66	68.4	7885	66	68.4	4916.8	29361	501.20285423037717
1	1	13	47	data/minimal_simulations/47_mph/pass/belt/airbag/madymo/madymo.peak	1042.2	63.6	78.6	1464.2	54.2	86.2	900.03	4314.8	91.74617737003058
0	0	11	48	data/minimal_simulations/48_mph/driver/nobelt/noairbag/madymo/madymo.peak	33379	62	64	33379	62	64	10172	49891	1036.9011213047909
1	0	11	48	data/minimal_simulations/48_mph/driver/belt/noairbag/madymo/madymo.peak	6128.8	70	73	6128.8	70	73	4650.1	35260	474.0163098878695
0	1	11	48	data/minimal_simulations/48_mph/driver/nobelt/airbag/madymo/madymo.peak	23248	64	66	23248	64	66	8539.3	51546	870.4689092762486
1	1	11	48	data/minimal_simulations/48_mph/driver/belt/airbag/madymo/madymo.peak	1326.7	66	81	1396.3	64	88	1486.6	5689.2	151.539245667686
0	0	13	48	data/minimal_simulations/48_mph/pass/nobelt/noairbag/madymo/madymo.peak	42191	61.6	63.7	42191	61.6	63.7	11591	64622	1181.5494393476044
1	0	13	48	data/minimal_simulations/48_mph/pass/belt/noairbag/madymo/madymo.peak	286.05	63.9	72.6	286.05	63.9	72.6	1530.2	1237.1	155.9836901121305
0	1	13	48	data/minimal_simulations/48_mph/pass/nobelt/airbag/madymo/madymo.peak	9145.4	65.3	67.6	9145.4	65.3	67.6	5343.6	32169	544.7094801223242
1	1	13	48	data/minimal_simulations/48_mph/pass/belt/airbag/madymo/madymo.peak	1150.2	63.2	78.2	1596.2	54.2	85.6	934.3	4473.6	95.23955147808358
0	0	11	49	data/minimal_simulations/49_mph/driver/nobelt/noairbag/madymo/madymo.peak	40139	61	64	40139	61	64	11976	56699	1220.7951070336392
1	0	11	49	data/minimal_simulations/49_mph/driver/belt/noairbag/madymo/madymo.peak	4989.6	69	72	4989.6	69	72	4140.2	36195	422.03873598369006
0	1	11	49	data/minimal_simulations/49_mph/driver/nobelt/airbag/madymo/madymo.peak	23737	63	66	23737	63	66	9924.5	61942	1011.6717635066259
1	1	11	49	data/minimal_simulations/49_mph/driver/belt/airbag/madymo/madymo.peak	1624.7	66	80	1624.7	66	80	1793.5	7905.9	182.82364933741079
0	0	13	49	data/minimal_simulations/49_mph/pass/nobelt/noairbag/madymo/madymo.peak	43733	61.1	63.2	43733	61.1	63.2	11818	66129	1204.6890927624872
1	0	13	49	data/minimal_simulations/49_mph/pass/belt/noairbag/madymo/madymo.peak	222.26	62.3	71.6	222.26	62.3	71.6	1436.5	1239.3	146.4322120285423
0	1	13	49	data/minimal_simulations/49_mph/pass/nobelt/airbag/madymo/madymo.peak	10122	64.7	67	10122	64.7	67	5604.4	33656	571.2945973496431
1	1	13	49	data/minimal_simulations/49_mph/pass/belt/airbag/madymo/madymo.peak	1258.2	62.8	77.8	1730.1	54.1	85	969.59	4761.9	98.83690112130479
0	0	11	50	data/minimal_simulations/50_mph/driver/nobelt/noairbag/madymo/madymo.peak	35967	61	63	35967	61	63	10595	52599	1080.0203873598368
1	0	11	50	data/minimal_simulations/50_mph/driver/belt/noairbag/madymo/madymo.peak	5439.8	69	72	5439.8	69	72	4058.5	34352	413.710499490316
0	1	11	50	data/minimal_simulations/50_mph/driver/nobelt/airbag/madymo/madymo.peak	28086	62	65	28086	62	65	9010.2	54597	918.4709480122325
1	1	11	50	data/minimal_simulations/50_mph/driver/belt/airbag/madymo/madymo.peak	1991.5	71	76	1991.5	71	76	2391.3	11838	243.76146788990826
0	0	13	50	data/minimal_simulations/50_mph/pass/nobelt/noairbag/madymo/madymo.peak	45253	60.6	62.7	45253	60.6	62.7	12008	67718	1224.0570846075432
1	0	13	50	data/minimal_simulations/50_mph/pass/belt/noairbag/madymo/madymo.peak	197.74	61.5	70.7	197.74	61.5	70.7	1210.5	1242.2	123.39449541284404
0	1	13	50	data/minimal_simulations/50_mph/pass/nobelt/airbag/madymo/madymo.peak	11280	64.1	66.3	11280	64.1	66.3	5963.1	35600	607.8593272171254
1	1	13	50	data/minimal_simulations/50_mph/pass/belt/airbag/madymo/madymo.peak	1383.3	62.7	77.7	1880.9	54	84.2	1018	4840.2	103.7716615698267
0	0	11	51	data/minimal_simulations/51_mph/driver/nobelt/noairbag/madymo/madymo.peak	42787	60	63	42787	60	63	12106	57503	1234.0468909276249
1	0	11	51	data/minimal_simulations/51_mph/driver/belt/noairbag/madymo/madymo.peak	5189.8	69	71	5189.8	69	71	4795.1	35261	488.79714576962283
0	1	11	51	data/minimal_simulations/51_mph/driver/nobelt/airbag/madymo/madymo.peak	21133	62	65	21133	62	65	9266.6	59259	944.6075433231397
1	1	11	51	data/minimal_simulations/51_mph/driver/belt/airbag/madymo/madymo.peak	2827.7	70	75	2827.7	70	75	2830.1	16224	288.4913353720693
0	0	13	51	data/minimal_simulations/51_mph/pass/nobelt/noairbag/madymo/madymo.peak	46755	60.2	62.2	46755	60.2	62.2	12165	69182	1240.0611620795107
1	0	13	51	data/minimal_simulations/51_mph/pass/belt/noairbag/madymo/madymo.peak	215.51	61.5	70.3	215.51	61.5	70.3	1407.5	1254.9	143.47604485219162
0	1	13	51	data/minimal_simulations/51_mph/pass/nobelt/airbag/madymo/madymo.peak	12605	63.5	65.6	12605	63.5	65.6	6313.7	37247	643.598369011213
1	1	13	51	data/minimal_simulations/51_mph/pass/belt/airbag/madymo/madymo.peak	1530.7	62	77	2037.9	53.7	83.7	1061.2	5113.6	108.17533129459734
0	0	11	52	data/minimal_simulations/52_mph/driver/nobelt/noairbag/madymo/madymo.peak	39967	60	62	39967	60	62	11258	57283	1147.604485219164
1	0	11	52	data/minimal_simulations/52_mph/driver/belt/noairbag/madymo/madymo.peak	5890.3	68	71	5890.3	68	71	4782.6	40916	487.5229357798165
0	1	11	52	data/minimal_simulations/52_mph/driver/nobelt/airbag/madymo/madymo.peak	31542	61	64	31542	61	64	10101	63796	1029.663608562691
1	1	11	52	data/minimal_simulations/52_mph/driver/belt/airbag/madymo/madymo.peak	4199.7	70	73	4199.7	70	73	3550.8	22890	361.9571865443425
0	0	13	52	data/minimal_simulations/52_mph/pass/nobelt/noairbag/madymo/madymo.peak	48165	59.7	61.7	48165	59.7	61.7	12403	70263	1264.322120285423
1	0	13	52	data/minimal_simulations/52_mph/pass/belt/noairbag/madymo/madymo.peak	201.25	60.9	69.5	201.25	60.9	69.5	1250.8	1258.3	127.5025484199796
0	1	13	52	data/minimal_simulations/52_mph/pass/nobelt/airbag/madymo/madymo.peak	13509	62.9	65	13509	62.9	65	6508.1	38221	663.4148827726809
1	1	13	52	data/minimal_simulations/52_mph/pass/belt/airbag/madymo/madymo.peak	1672	61.8	76.8	2210.4	53.6	83.1	1096.3	5230.4	111.75331294597349
0	0	11	53	data/minimal_simulations/53_mph/driver/nobelt/noairbag/madymo/madymo.peak	45151	59	62	45151	59	62	11593	55620	1181.7533129459734
1	0	11	53	data/minimal_simulations/53_mph/driver/belt/noairbag/madymo/madymo.peak	4589.1	67	71	4589.1	67	71	3758.1	26244	383.0886850152905
0	1	11	53	data/minimal_simulations/53_mph/driver/nobelt/airbag/madymo/madymo.peak	22426	61	64	22426	61	64	9509.3	62587	969.347604485219
1	1	11	53	data/minimal_simulations/53_mph/driver/belt/airbag/madymo/madymo.peak	4439.6	69	72	4439.6	69	72	3727.2	22544	379.9388379204893
0	0	13	53	data/minimal_simulations/53_mph/pass/nobelt/noairbag/madymo/madymo.peak	49602	59.3	61.3	49602	59.3	61.3	12513	71782	1275.5351681957186
1	0	13	53	data/minimal_simulations/53_mph/pass/belt/noairbag/madymo/madymo.peak	200.65	60.6	68.9	200.65	60.6	68.9	1285.3	1271.3	131.01936799184506
0	1	13	53	data/minimal_simulations/53_mph/pass/nobelt/airbag/madymo/madymo.peak	14454	62.4	64.4	14454	62.4	64.4	6734.2	39367	686.4627930682976
1	1	13	53	data/minimal_simulations/53_mph/pass/belt/airbag/madymo/madymo.peak	1797.9	61.5	76.5	2366.9	53.5	82.6	1127	5584.4	114.88277268093782
0	0	11	54	data/minimal_simulations/54_mph/driver/nobelt/noairbag/madymo/madymo.peak	43793	59	61	43793	59	61	12011	61633	1224.3628950050968
1	0	11	54	data/minimal_simulations/54_mph/driver/belt/noairbag/madymo/madymo.peak	4794.7	67	70	4794.7	67	70	4138.6	33466	421.8756371049949
0	1	11	54	data/minimal_simulations/54_mph/driver/nobelt/airbag/madymo/madymo.peak	33684	60	63	33684	60	63	9984.4	61970	1017.7777777777777
1	1	11	54	data/minimal_simulations/54_mph/driver/belt/airbag/madymo/madymo.peak	5671.7	68	71	5671.7	68	71	4173.3	25424	425.41284403669727
0	0	13	54	data/minimal_simulations/54_mph/pass/nobelt/noairbag/madymo/madymo.peak	50871	58.9	60.8	50871	58.9	60.8	12714	72542	1296.0244648318042
1	0	13	54	data/minimal_simulations/54_mph/pass/belt/noairbag/madymo/madymo.peak	283.39	62.4	68.6	283.39	62.4	68.6	1917.1	1264.1	195.42303771661568
0	1	13	54	data/minimal_simulations/54_mph/pass/nobelt/airbag/madymo/madymo.peak	15812	61.8	63.8	15812	61.8	63.8	7067.5	40679	720.4383282364934
1	1	13	54	data/minimal_simulations/54_mph/pass/belt/airbag/madymo/madymo.peak	1979.1	61	76	2569.6	53.7	82.1	1180.4	5869.1	120.32619775739042
0	0	11	55	data/minimal_simulations/55_mph/driver/nobelt/noairbag/madymo/madymo.peak	41385	58	61	41385	58	61	10166	50216	1036.2895005096839
1	0	11	55	data/minimal_simulations/55_mph/driver/belt/noairbag/madymo/madymo.peak	6024.1	66	69	6024.1	66	69	4531	38929	461.8756371049949
0	1	11	55	data/minimal_simulations/55_mph/driver/nobelt/airbag/madymo/madymo.peak	26617	60	63	26617	60	63	10165	66772	1036.1875637104995
1	1	11	55	data/minimal_simulations/55_mph/driver/belt/airbag/madymo/madymo.peak	6947.6	67	70	6947.6	67	70	4605.7	30524	469.49031600407744
0	0	13	55	data/minimal_simulations/55_mph/pass/nobelt/noairbag/madymo/madymo.peak	52149	58.5	60.4	52149	58.5	60.4	12840	73850	1308.8685015290519
1	0	13	55	data/minimal_simulations/55_mph/pass/belt/noairbag/madymo/madymo.peak	168.57	59.7	67.4	168.57	59.7	67.4	1001.4	1291.6	102.07951070336391
0	1	13	55	data/minimal_simulations/55_mph/pass/nobelt/airbag/madymo/madymo.peak	17059	61.3	63.2	17059	61.3	63.2	7336.5	42078	747.8593272171254
1	1	13	55	data/minimal_simulations/55_mph/pass/belt/airbag/madymo/madymo.peak	2141.6	60.8	75.8	2775.3	53.2	81.6	1221.5	6091.1	124.5158002038736
0	0	11	56	data/minimal_simulations/56_mph/driver/nobelt/noairbag/madymo/madymo.peak	45056	58	60	45056	58	60	12678	62836	1292.354740061162
1	0	11	56	data/minimal_simulations/56_mph/driver/belt/noairbag/madymo/madymo.peak	5981.4	65	68	5981.4	65	68	4959.8	49797	505.5861365953109
0	1	11	56	data/minimal_simulations/56_mph/driver/nobelt/airbag/madymo/madymo.peak	32237	59	62	32237	59	62	9007.7	54133	918.2161060142712
1	1	11	56	data/minimal_simulations/56_mph/driver/belt/airbag/madymo/madymo.peak	7377.3	67	69	7377.3	67	69	5283	36220	538.5321100917431
0	0	13	56	data/minimal_simulations/56_mph/pass/nobelt/noairbag/madymo/madymo.peak	53357	58.1	60	53357	58.1	60	12938	74961	1318.8583078491336
1	0	13	56	data/minimal_simulations/56_mph/pass/belt/noairbag/madymo/madymo.peak	165.4	59.3	66.8	165.4	59.3	66.8	927.82	1292.3	94.579001019368
0	1	13	56	data/minimal_simulations/56_mph/pass/nobelt/airbag/madymo/madymo.peak	18844	60.8	62.7	18844	60.8	62.7	7688.1	43605	783.7003058103976
1	1	13	56	data/minimal_simulations/56_mph/pass/belt/airbag/madymo/madymo.peak	2322	60.3	75.3	2975.5	52.9	81.1	1264.4	6320.4	128.88888888888889
0	0	11	57	data/minimal_simulations/57_mph/driver/nobelt/noairbag/madymo/madymo.peak	43288	58	60	43288	58	60	11501	58026	1172.375127420999
1	0	11	57	data/minimal_simulations/57_mph/driver/belt/noairbag/madymo/madymo.peak	8973.5	64	68	8973.5	64	68	5831.5	61052	594.4444444444445
0	1	11	57	data/minimal_simulations/57_mph/driver/nobelt/airbag/madymo/madymo.peak	33619	59	62	33619	59	62	11154	74397	1137.0030581039755
1	1	11	57	data/minimal_simulations/57_mph/driver/belt/airbag/madymo/madymo.peak	8334.7	66	69	8334.7	66	69	5462	39861	556.7787971457695
0	0	13	57	data/minimal_simulations/57_mph/pass/nobelt/noairbag/madymo/madymo.peak	54572	57.7	59.6	54572	57.7	59.6	13051	75952	1330.3771661569826
1	0	13	57	data/minimal_simulations/57_mph/pass/belt/noairbag/madymo/madymo.peak	168.8	59.1	66.4	168.8	59.1	66.4	1054.1	1295.7	107.45158002038734
0	1	13	57	data/minimal_simulations/57_mph/pass/nobelt/airbag/madymo/madymo.peak	19565	60.3	62.2	19565	60.3	62.2	7787.3	43624	793.8124362895005
1	1	13	57	data/minimal_simulations/57_mph/pass/belt/airbag/madymo/madymo.peak	2545.9	60.1	75.1	3211	53.4	80.3	1316.1	6462.2	134.15902140672782
0	0	11	58	data/minimal_simulations/58_mph/driver/nobelt/noairbag/madymo/madymo.peak	51456	57	60	51456	57	60	12814	61859	1306.2181447502549
1	0	11	58	data/minimal_simulations/58_mph/driver/belt/noairbag/madymo/madymo.peak	9517.3	64	66	9517.3	64	66	6398.8	57944	652.2731906218145
0	1	11	58	data/minimal_simulations/58_mph/driver/nobelt/airbag/madymo/madymo.peak	28993	59	61	28993	59	61	10183	66942	1038.0224260958205
1	1	11	58	data/minimal_simulations/58_mph/driver/belt/airbag/madymo/madymo.peak	10930	65	68	10930	65	68	5906.5	37791	602.0897043832823
0	0	13	58	data/minimal_simulations/58_mph/pass/nobelt/noairbag/madymo/madymo.peak	55738	57.3	59.2	55738	57.3	59.2	13182	76880	1343.7308868501527
1	0	13	58	data/minimal_simulations/58_mph/pass/belt/noairbag/madymo/madymo.peak	182.3	59.1	65.8	182.3	59.1	65.8	2674.8	16647	272.6605504587156
0	1	13	58	data/minimal_simulations/58_mph/pass/nobelt/airbag/madymo/madymo.peak	21976	59.7	61.5	21976	59.7	61.5	8224.2	44704	838.348623853211
1	1	13	58	data/minimal_simulations/58_mph/pass/belt/airbag/madymo/madymo.peak	2726.3	59.6	74.6	3403.3	52.6	79.9	1357.2	6607.6	138.348623853211
0	0	11	59	data/minimal_simulations/59_mph/driver/nobelt/noairbag/madymo/madymo.peak	49763	57	59	49763	57	59	12750	68020	1299.6941896024464
1	0	11	59	data/minimal_simulations/59_mph/driver/belt/noairbag/madymo/madymo.peak	12223	63	66	12223	63	66	5735.6	57557	584.6687054026504
0	1	11	59	data/minimal_simulations/59_mph/driver/nobelt/airbag/madymo/madymo.peak	41992	58	61	41992	58	61	11867	78706	1209.683995922528
1	1	11	59	data/minimal_simulations/59_mph/driver/belt/airbag/madymo/madymo.peak	12876	65	67	12876	65	67	6930.8	42633	706.5035677879714
0	0	13	59	data/minimal_simulations/59_mph/pass/nobelt/noairbag/madymo/madymo.peak	56865	56.9	58.8	56865	56.9	58.8	13325	77656	1358.307849133537
1	0	13	59	data/minimal_simulations/59_mph/pass/belt/noairbag/madymo/madymo.peak	135.37	58	64.9	135.37	58	64.9	883.43	1299.4	90.05402650356778
0	1	13	59	data/minimal_simulations/59_mph/pass/nobelt/airbag/madymo/madymo.peak	22695	59.3	61.1	22695	59.3	61.1	8312	45910	847.2986748216106
1	1	13	59	data/minimal_simulations/59_mph/pass/belt/airbag/madymo/madymo.peak	2917.6	59.2	74.2	3633.9	52.3	79.6	1398.1	6815.9	142.51783893985728
0	0	11	60	data/minimal_simulations/60_mph/driver/nobelt/noairbag/madymo/madymo.peak	45469	56	59	45469	56	59	10790	54948	1099.8980632008154
1	0	11	60	data/minimal_simulations/60_mph/driver/belt/noairbag/madymo/madymo.peak	11009	63	66	11009	63	66	6292.8	56003	641.4678899082569
0	1	11	60	data/minimal_simulations/60_mph/driver/nobelt/airbag/madymo/madymo.peak	25609	58	60	25609	58	60	10308	69159	1050.7645259938838
1	1	11	60	data/minimal_simulations/60_mph/driver/belt/airbag/madymo/madymo.peak	14582	64	67	14582	64	67	7850.7	52959	800.2752293577981
0	0	13	60	data/minimal_simulations/60_mph/pass/nobelt/noairbag/madymo/madymo.peak	57951	56.5	58.4	57951	56.5	58.4	13474	78241	1373.4964322120284
1	0	13	60	data/minimal_simulations/60_mph/pass/belt/noairbag/madymo/madymo.peak	629.34	64.4	64.7	629.34	64.4	64.7	4395	30598	448.01223241590213
0	1	13	60	data/minimal_simulations/60_mph/pass/nobelt/airbag/madymo/madymo.peak	24061	58.8	60.6	24061	58.8	60.6	8552.8	46436	871.8450560652394
1	1	13	60	data/minimal_simulations/60_mph/pass/belt/airbag/madymo/madymo.peak	3138	58.9	73.9	3619.9	53.4	74.6	1439.1	7246.8	146.697247706422
0	0	11	61	data/minimal_simulations/61_mph/driver/nobelt/noairbag/madymo/madymo.peak	49355	56	59	49355	56	59	13236	65832	1349.2354740061162
1	0	11	61	data/minimal_simulations/61_mph/driver/belt/noairbag/madymo/madymo.peak	11797	62	65	11797	62	65	6942.3	54666	707.6758409785932
0	1	11	61	data/minimal_simulations/61_mph/driver/nobelt/airbag/madymo/madymo.peak	41260	57	60	41260	57	60	10764	67674	1097.2477064220184
1	1	11	61	data/minimal_simulations/61_mph/driver/belt/airbag/madymo/madymo.peak	14886	63	66	14886	63	66	7174.6	43967	731.355759429154
0	0	13	61	data/minimal_simulations/61_mph/pass/nobelt/noairbag/madymo/madymo.peak	58986	56.1	58.1	58986	56.1	58.1	13575	79402	1383.7920489296635
1	0	13	61	data/minimal_simulations/61_mph/pass/belt/noairbag/madymo/madymo.peak	2930.2	63.9	64.4	2930.2	63.9	64.4	6704.9	36719	683.4760448521915
0	1	13	61	data/minimal_simulations/61_mph/pass/nobelt/airbag/madymo/madymo.peak	25674	58.3	60.1	25674	58.3	60.1	8775	92201	894.4954128440367
1	1	13	61	data/minimal_simulations/61_mph/pass/belt/airbag/madymo/madymo.peak	3356.9	58.4	73.4	4156.1	52.1	79.2	1475	7392.4	150.35677879714575
0	0	11	62	data/minimal_simulations/62_mph/driver/nobelt/noairbag/madymo/madymo.peak	51595	56	58	51595	56	58	12826	67960	1307.4413863404689
1	0	11	62	data/minimal_simulations/62_mph/driver/belt/noairbag/madymo/madymo.peak	18515	62	64	18515	62	64	8017.5	45814	817.2782874617736
0	1	11	62	data/minimal_simulations/62_mph/driver/nobelt/airbag/madymo/madymo.peak	35388	57	60	35388	57	60	11333	77245	1155.249745158002
1	1	11	62	data/minimal_simulations/62_mph/driver/belt/airbag/madymo/madymo.peak	18451	63	66	18451	63	66	8460	55211	862.3853211009174
0	0	13	62	data/minimal_simulations/62_mph/pass/nobelt/noairbag/madymo/madymo.peak	60110	55.8	57.7	60110	55.8	57.7	13617	80237	1388.0733944954127
1	0	13	62	data/minimal_simulations/62_mph/pass/belt/noairbag/madymo/madymo.peak	2312.9	63.3	63.7	2312.9	63.3	63.7	6723.3	38606	685.3516819571865
0	1	13	62	data/minimal_simulations/62_mph/pass/nobelt/airbag/madymo/madymo.peak	27681	57.8	59.6	27681	57.8	59.6	8998	60262	917.2273190621814
1	1	13	62	data/minimal_simulations/62_mph/pass/belt/airbag/madymo/madymo.peak	3650.7	58.5	73.5	4463.7	52	77.9	1521.1	7628.9	155.05606523955146
0	0	11	63	data/minimal_simulations/63_mph/driver/nobelt/noairbag/madymo/madymo.peak	52448	55	58	52448	55	58	11379	56369	1159.9388379204893
1	0	11	63	data/minimal_simulations/63_mph/driver/belt/noairbag/madymo/madymo.peak	19111	62	64	19111	62	64	7591.1	60707	773.8124362895005
0	1	11	63	data/minimal_simulations/63_mph/driver/nobelt/airbag/madymo/madymo.peak	32294	57	59	32294	57	59	10742	71775	1095.0050968399592
1	1	11	63	data/minimal_simulations/63_mph/driver/belt/airbag/madymo/madymo.peak	18670	62	65	18670	62	65	8221.5	60855	838.0733944954128
0	0	13	63	data/minimal_simulations/63_mph/pass/nobelt/noairbag/madymo/madymo.peak	61086	55.5	57.3	61086	55.5	57.3	13795	80786	1406.2181447502549
1	0	13	63	data/minimal_simulations/63_mph/pass/belt/noairbag/madymo/madymo.peak	112.61	56.1	62.5	112.61	56.1	62.5	742.79	1336.2	75.71763506625891
0	1	13	63	data/minimal_simulations/63_mph/pass/nobelt/airbag/madymo/madymo.peak	28874	57.4	59.1	28874	57.4	59.1	9219.2	50789	939.7757390417942
1	1	13	63	data/minimal_simulations/63_mph/pass/belt/airbag/madymo/madymo.peak	3820.1	58.4	73.4	4886.3	51.9	78.6	1529.6	7692.7	155.92252803261977
0	0	11	64	data/minimal_simulations/64_mph/driver/nobelt/noairbag/madymo/madymo.peak	50021	55	57	50021	55	57	13397	70694	1365.6472986748215
1	0	11	64	data/minimal_simulations/64_mph/driver/belt/noairbag/madymo/madymo.peak	24871	60	63	24871	60	63	8794.6	80799	896.493374108053
0	1	11	64	data/minimal_simulations/64_mph/driver/nobelt/airbag/madymo/madymo.peak	47859	56	59	47859	56	59	12217	81701	1245.361875637105
1	1	11	64	data/minimal_simulations/64_mph/driver/belt/airbag/madymo/madymo.peak	16676	62	64	16676	62	64	8650.7	56631	881.8246687054027
0	0	13	64	data/minimal_simulations/64_mph/pass/nobelt/noairbag/madymo/madymo.peak	62145	55.1	57	62145	55.1	57	13803	81748	1407.0336391437309
1	0	13	64	data/minimal_simulations/64_mph/pass/belt/noairbag/madymo/madymo.peak	91.203	55.2	61.7	91.203	55.2	61.7	676.44	1371.3	68.95412844036697
0	1	13	64	data/minimal_simulations/64_mph/pass/nobelt/airbag/madymo/madymo.peak	30396	56.9	58.7	30396	56.9	58.7	9412.2	62779	959.4495412844037
1	1	13	64	data/minimal_simulations/64_mph/pass/belt/airbag/madymo/madymo.peak	3600.6	54.1	69.1	3644.8	51.8	69.1	1598.7	7605.7	162.96636085626912
0	0	11	65	data/minimal_simulations/65_mph/driver/nobelt/noairbag/madymo/madymo.peak	52775	55	57	52775	55	57	12921	68347	1317.125382262997
1	0	11	65	data/minimal_simulations/65_mph/driver/belt/noairbag/madymo/madymo.peak	21981	60	62	21981	60	62	9648.9	71594	983.577981651376
0	1	11	65	data/minimal_simulations/65_mph/driver/nobelt/airbag/madymo/madymo.peak	29711	56	59	29711	56	59	10813	74001	1102.242609582059
1	1	11	65	data/minimal_simulations/65_mph/driver/belt/airbag/madymo/madymo.peak	20340	61	64	20340	61	64	8451.1	63045	861.4780835881753
0	0	13	65	data/minimal_simulations/65_mph/pass/nobelt/noairbag/madymo/madymo.peak	63165	54.8	56.7	63165	54.8	56.7	13977	82417	1424.7706422018348
1	0	13	65	data/minimal_simulations/65_mph/pass/belt/noairbag/madymo/madymo.peak	103.6	55.3	61.4	103.6	55.3	61.4	708.41	1409.8	72.21304791029561
0	1	13	65	data/minimal_simulations/65_mph/pass/nobelt/airbag/madymo/madymo.peak	32305	56.4	58.2	32305	56.4	58.2	9535.2	53641	971.9877675840979
1	1	13	65	data/minimal_simulations/65_mph/pass/belt/airbag/madymo/madymo.peak	4375.8	57.1	72.1	5211.4	51.5	76.6	1624.5	8052.4	165.59633027522935
